SQL> UPDATE EMPLOYEE
  2  SET SAL=2000
  3  WHERE ENAME IN 'SMITH';

1 row updated.

SQL> UPDATE EMPLOYEE
  2  SET SAL=SAL*2
  3  WHERE ENAME IN 'KING';

1 row updated.

SQL> SELECT * FROM EMPLOYEE;

     EMPNO ENAME      JOB              MGR HIREDATE         SAL       COMM     DEPTNO                                                                                                                                                                                                                                                                                                                                                                                                                                                                                                                                                                                                                                                                                                                                                                                                                                                                                                                                                   
---------- ---------- --------- ---------- --------- ---------- ---------- ----------                                                                                                                                                                                                                                                                                                                                                                                                                                                                                                                                                                                                                                                                                                                                                                                                                                                                                                                                                   
      7369 SMITH      CLERK           7902 17-DEC-80       2000                    20                                                                                                                                                                                                                                                                                                                                                                                                                                                                                                                                                                                                                                                                                                                                                                                                                                                                                                                                                   
      7499 ALLEN      SALESMAN        7698 20-FEB-81       1600        300         30                                                                                                                                                                                                                                                                                                                                                                                                                                                                                                                                                                                                                                                                                                                                                                                                                                                                                                                                                   
      7521 WARD       SALESMAN        7698 22-FEB-81       1250        500         30                                                                                                                                                                                                                                                                                                                                                                                                                                                                                                                                                                                                                                                                                                                                                                                                                                                                                                                                                   
      7566 JONES      MANAGER         7839 02-APR-81       2975                    20                                                                                                                                                                                                                                                                                                                                                                                                                                                                                                                                                                                                                                                                                                                                                                                                                                                                                                                                                   
      7654 MARTIN     SALESMAN        7698 28-SEP-81       1250       1400         30                                                                                                                                                                                                                                                                                                                                                                                                                                                                                                                                                                                                                                                                                                                                                                                                                                                                                                                                                   
      7698 BLAKE      MANAGER         7839 01-MAY-81       2850                    30                                                                                                                                                                                                                                                                                                                                                                                                                                                                                                                                                                                                                                                                                                                                                                                                                                                                                                                                                   
      7782 CLARK      MANAGER         7839 09-JUN-81       2450                    10                                                                                                                                                                                                                                                                                                                                                                                                                                                                                                                                                                                                                                                                                                                                                                                                                                                                                                                                                   
      7788 SCOTT      ANALYST         7566 19-APR-87       3000                    20                                                                                                                                                                                                                                                                                                                                                                                                                                                                                                                                                                                                                                                                                                                                                                                                                                                                                                                                                   
      7839 KING       PRESIDENT            17-NOV-81      10000                    10                                                                                                                                                                                                                                                                                                                                                                                                                                                                                                                                                                                                                                                                                                                                                                                                                                                                                                                                                   
      7844 TURNER     SALESMAN        7698 08-SEP-81       1500          0         30                                                                                                                                                                                                                                                                                                                                                                                                                                                                                                                                                                                                                                                                                                                                                                                                                                                                                                                                                   
      7876 ADAMS      CLERK           7788 23-MAY-87       1100                    20                                                                                                                                                                                                                                                                                                                                                                                                                                                                                                                                                                                                                                                                                                                                                                                                                                                                                                                                                   
      7900 JAMES      CLERK           7698 03-DEC-81        950                    30                                                                                                                                                                                                                                                                                                                                                                                                                                                                                                                                                                                                                                                                                                                                                                                                                                                                                                                                                   
      7902 FORD       ANALYST         7566 03-DEC-81       3000                    20                                                                                                                                                                                                                                                                                                                                                                                                                                                                                                                                                                                                                                                                                                                                                                                                                                                                                                                                                   
      7934 MILLER     CLERK           7782 23-JAN-82       1300                    10                                                                                                                                                                                                                                                                                                                                                                                                                                                                                                                                                                                                                                                                                                                                                                                                                                                                                                                                                   

14 rows selected.

SQL> SELECT * FROM TAB;

TNAME                          TABTYPE  CLUSTERID                                                                                                                                                                                                                                                                                                                                                                                                                                                                                                                                                                                                                                                                                                                                                                                                                                                                                                                                                                                       
------------------------------ ------- ----------                                                                                                                                                                                                                                                                                                                                                                                                                                                                                                                                                                                                                                                                                                                                                                                                                                                                                                                                                                                       
DEPT                           TABLE                                                                                                                                                                                                                                                                                                                                                                                                                                                                                                                                                                                                                                                                                                                                                                                                                                                                                                                                                                                                    
EMP                            TABLE                                                                                                                                                                                                                                                                                                                                                                                                                                                                                                                                                                                                                                                                                                                                                                                                                                                                                                                                                                                                    
BONUS                          TABLE                                                                                                                                                                                                                                                                                                                                                                                                                                                                                                                                                                                                                                                                                                                                                                                                                                                                                                                                                                                                    
SALGRADE                       TABLE                                                                                                                                                                                                                                                                                                                                                                                                                                                                                                                                                                                                                                                                                                                                                                                                                                                                                                                                                                                                    
EMPLOYEE                       TABLE                                                                                                                                                                                                                                                                                                                                                                                                                                                                                                                                                                                                                                                                                                                                                                                                                                                                                                                                                                                                    

SQL> CREATE TABLE STUDENT
  2  (
  3  STUDENT_ID VARCHAR(30),
  4  STUDENT_NAME VARCHAR2(50),
  5  BRANCH VARCHAR2(50),
  6  PERCENTAGE NUMBER(10),
  7  NO_OF_BACKLOGS NUMBER(2)
  8  );

Table created.

SQL> DESC STUDENT;
 Name                                                                                                                                                                                                                                                                                                                                                                                                                                                                                                                                                                                                              Null?    Type
 ----------------------------------------------------------------------------------------------------------------------------------------------------------------------------------------------------------------------------------------------------------------------------------------------------------------------------------------------------------------------------------------------------------------------------------------------------------------------------------------------------------------------------------------------------------------------------------------------------------------- -------- ------------------------------------------------------------------------------------------------------------------------------------------------------------------------------------------------------------------------------------------------------------------------------------------------------------------------------------------------------------------------------------------------------------
 STUDENT_ID                                                                                                                                                                                                                                                                                                                                                                                                                                                                                                                                                                                                                 VARCHAR2(30)
 STUDENT_NAME                                                                                                                                                                                                                                                                                                                                                                                                                                                                                                                                                                                                               VARCHAR2(50)
 BRANCH                                                                                                                                                                                                                                                                                                                                                                                                                                                                                                                                                                                                                     VARCHAR2(50)
 PERCENTAGE                                                                                                                                                                                                                                                                                                                                                                                                                                                                                                                                                                                                                 NUMBER(10)
 NO_OF_BACKLOGS                                                                                                                                                                                                                                                                                                                                                                                                                                                                                                                                                                                                             NUMBER(2)

SQL> DELETE FROM EMPLOYEE
  2  WHERE ENAME LIKE 'T%';

1 row deleted.

SQL> DELETE FROM EMP
  2  WHERE ENAME IN 'ADAMS';

1 row deleted.

SQL> UPDATE EMPLOYEE
  2  SET SAL=3550
  3  WHERE DEPTNO IN(SELECT DEPTNO
  4                  FROM DEPT
  5                  WHERE DNAME IN 'NEW YORK');

0 rows updated.

SQL> SELECT *FROM EMPLOYEE;

     EMPNO ENAME      JOB              MGR HIREDATE         SAL       COMM     DEPTNO                                                                                                                                                                                                                                                                                                                                                                                                                                                                                                                                                                                                                                                                                                                                                                                                                                                                                                                                                   
---------- ---------- --------- ---------- --------- ---------- ---------- ----------                                                                                                                                                                                                                                                                                                                                                                                                                                                                                                                                                                                                                                                                                                                                                                                                                                                                                                                                                   
      7369 SMITH      CLERK           7902 17-DEC-80       2000                    20                                                                                                                                                                                                                                                                                                                                                                                                                                                                                                                                                                                                                                                                                                                                                                                                                                                                                                                                                   
      7499 ALLEN      SALESMAN        7698 20-FEB-81       1600        300         30                                                                                                                                                                                                                                                                                                                                                                                                                                                                                                                                                                                                                                                                                                                                                                                                                                                                                                                                                   
      7521 WARD       SALESMAN        7698 22-FEB-81       1250        500         30                                                                                                                                                                                                                                                                                                                                                                                                                                                                                                                                                                                                                                                                                                                                                                                                                                                                                                                                                   
      7566 JONES      MANAGER         7839 02-APR-81       2975                    20                                                                                                                                                                                                                                                                                                                                                                                                                                                                                                                                                                                                                                                                                                                                                                                                                                                                                                                                                   
      7654 MARTIN     SALESMAN        7698 28-SEP-81       1250       1400         30                                                                                                                                                                                                                                                                                                                                                                                                                                                                                                                                                                                                                                                                                                                                                                                                                                                                                                                                                   
      7698 BLAKE      MANAGER         7839 01-MAY-81       2850                    30                                                                                                                                                                                                                                                                                                                                                                                                                                                                                                                                                                                                                                                                                                                                                                                                                                                                                                                                                   
      7782 CLARK      MANAGER         7839 09-JUN-81       2450                    10                                                                                                                                                                                                                                                                                                                                                                                                                                                                                                                                                                                                                                                                                                                                                                                                                                                                                                                                                   
      7788 SCOTT      ANALYST         7566 19-APR-87       3000                    20                                                                                                                                                                                                                                                                                                                                                                                                                                                                                                                                                                                                                                                                                                                                                                                                                                                                                                                                                   
      7839 KING       PRESIDENT            17-NOV-81      10000                    10                                                                                                                                                                                                                                                                                                                                                                                                                                                                                                                                                                                                                                                                                                                                                                                                                                                                                                                                                   
      7876 ADAMS      CLERK           7788 23-MAY-87       1100                    20                                                                                                                                                                                                                                                                                                                                                                                                                                                                                                                                                                                                                                                                                                                                                                                                                                                                                                                                                   
      7900 JAMES      CLERK           7698 03-DEC-81        950                    30                                                                                                                                                                                                                                                                                                                                                                                                                                                                                                                                                                                                                                                                                                                                                                                                                                                                                                                                                   
      7902 FORD       ANALYST         7566 03-DEC-81       3000                    20                                                                                                                                                                                                                                                                                                                                                                                                                                                                                                                                                                                                                                                                                                                                                                                                                                                                                                                                                   
      7934 MILLER     CLERK           7782 23-JAN-82       1300                    10                                                                                                                                                                                                                                                                                                                                                                                                                                                                                                                                                                                                                                                                                                                                                                                                                                                                                                                                                   

13 rows selected.

SQL> SELECT * FROM DEPT;

    DEPTNO DNAME          LOC                                                                                                                                                                                                                                                                                                                                                                                                                                                                                                                                                                                                                                                                                                                                                                                                                                                                                                                                                                                                           
---------- -------------- -------------                                                                                                                                                                                                                                                                                                                                                                                                                                                                                                                                                                                                                                                                                                                                                                                                                                                                                                                                                                                                 
        10 ACCOUNTING     NEW YORK                                                                                                                                                                                                                                                                                                                                                                                                                                                                                                                                                                                                                                                                                                                                                                                                                                                                                                                                                                                                      
        20 RESEARCH       DALLAS                                                                                                                                                                                                                                                                                                                                                                                                                                                                                                                                                                                                                                                                                                                                                                                                                                                                                                                                                                                                        
        30 SALES          CHICAGO                                                                                                                                                                                                                                                                                                                                                                                                                                                                                                                                                                                                                                                                                                                                                                                                                                                                                                                                                                                                       
        40 OPERATIONS     BOSTON                                                                                                                                                                                                                                                                                                                                                                                                                                                                                                                                                                                                                                                                                                                                                                                                                                                                                                                                                                                                        

SQL> UPDATE EMPLOYEE
  2  SET SAL=3550
  3  WHERE DEPTNO IN(SELECT DEPTNO
  4                  FROM DEPT
  5                  WHERE DNAME='NEW YORK');

0 rows updated.

SQL> ED
Wrote file afiedt.buf

  1  UPDATE EMPLOYEE
  2  SET SAL=3550
  3  WHERE DEPTNO IN(SELECT DEPTNO
  4                  FROM DEPT
  5*                 WHERE LOC='NEW YORK')
SQL> /

3 rows updated.

SQL> CREATE TABLE LIBRARY
  2  {
  3  /
{
*
ERROR at line 2:
ORA-00911: invalid character 


SQL> ED
Wrote file afiedt.buf

  1  CREATE TABLE LIBRARY
  2  (
  3  BOOK_NO NUMBER(10),
  4  BOOK_NAME VARCHAR2(50),
  5  AUTHOR VARCHAR2(50),
  6  PUBLISHED_ON DATE
  7* )
SQL> /

Table created.

SQL> DESC LIBRARY
 Name                                                                                                                                                                                                                                                                                                                                                                                                                                                                                                                                                                                                              Null?    Type
 ----------------------------------------------------------------------------------------------------------------------------------------------------------------------------------------------------------------------------------------------------------------------------------------------------------------------------------------------------------------------------------------------------------------------------------------------------------------------------------------------------------------------------------------------------------------------------------------------------------------- -------- ------------------------------------------------------------------------------------------------------------------------------------------------------------------------------------------------------------------------------------------------------------------------------------------------------------------------------------------------------------------------------------------------------------
 BOOK_NO                                                                                                                                                                                                                                                                                                                                                                                                                                                                                                                                                                                                                    NUMBER(10)
 BOOK_NAME                                                                                                                                                                                                                                                                                                                                                                                                                                                                                                                                                                                                                  VARCHAR2(50)
 AUTHOR                                                                                                                                                                                                                                                                                                                                                                                                                                                                                                                                                                                                                     VARCHAR2(50)
 PUBLISHED_ON                                                                                                                                                                                                                                                                                                                                                                                                                                                                                                                                                                                                               DATE

SQL> INSERT INTO LIBRARY VALUES(111,'Harry Potter and Philosopher Stone','J.K.Rowling','26-jun-1997');

1 row created.

SQL> ED
Wrote file afiedt.buf

  1* INSERT INTO LIBRARY VALUES(112,'YAYATI','VISHNU SAKHARAM KHANDEKAR','15-JAN-1959')
SQL> /

1 row created.

SQL> ED
Wrote file afiedt.buf

  1* INSERT INTO LIBRARY VALUES(113,'WINGS TO FIRE','A.P.J.ABDUL KALAM','2-AUGS-1999')
SQL> /
INSERT INTO LIBRARY VALUES(113,'WINGS TO FIRE','A.P.J.ABDUL KALAM','2-AUGS-1999')
                                                                   *
ERROR at line 1:
ORA-01841: (full) year must be between -4713 and +9999, and not be 0 


SQL> ED
Wrote file afiedt.buf

  1* INSERT INTO LIBRARY VALUES(113,'WINGS TO FIRE','A.P.J.ABDUL KALAM','02-AUG-1999')
SQL> /

1 row created.

SQL> ED
Wrote file afiedt.buf

  1* INSERT INTO LIBRARY VALUES(114,'A BETTER INDIA:A BETTER WORLD','N.R.NARAYANA MURTHY','21-APR-2009')
SQL> /

1 row created.

SQL> ED
Wrote file afiedt.buf

  1* INSERT INTO LIBRARY VALUES(115,'AKBAR-BIRBAL STORY','TANVIR KHAN','04-APR-2020')
SQL> /

1 row created.

SQL> SELECT * FROM LIBRARY;

   BOOK_NO BOOK_NAME                                          AUTHOR                                             PUBLISHED                                                                                                                                                                                                                                                                                                                                                                                                                                                                                                                                                                                                                                                                                                                                                                                                                                                                                                              
---------- -------------------------------------------------- -------------------------------------------------- ---------                                                                                                                                                                                                                                                                                                                                                                                                                                                                                                                                                                                                                                                                                                                                                                                                                                                                                                              
       111 Harry Potter and Philosopher Stone                 J.K.Rowling                                        26-JUN-97                                                                                                                                                                                                                                                                                                                                                                                                                                                                                                                                                                                                                                                                                                                                                                                                                                                                                                              
       112 YAYATI                                             VISHNU SAKHARAM KHANDEKAR                          15-JAN-59                                                                                                                                                                                                                                                                                                                                                                                                                                                                                                                                                                                                                                                                                                                                                                                                                                                                                                              
       113 WINGS TO FIRE                                      A.P.J.ABDUL KALAM                                  02-AUG-99                                                                                                                                                                                                                                                                                                                                                                                                                                                                                                                                                                                                                                                                                                                                                                                                                                                                                                              
       114 A BETTER INDIA:A BETTER WORLD                      N.R.NARAYANA MURTHY                                21-APR-09                                                                                                                                                                                                                                                                                                                                                                                                                                                                                                                                                                                                                                                                                                                                                                                                                                                                                                              
       115 AKBAR-BIRBAL STORY                                 TANVIR KHAN                                        04-APR-20                                                                                                                                                                                                                                                                                                                                                                                                                                                                                                                                                                                                                                                                                                                                                                                                                                                                                                              

SQL> ALTER TABLE STUDENT
  2  ADD CONSTRAINT PK1 PRIMARY KEY(STUDENT_ID);

Table altered.

SQL> ALTER TABLE LIBRARY
  2  ADD CONSTRAINT
  3  /
ADD CONSTRAINT
    *
ERROR at line 2:
ORA-02263: need to specify the datatype for this column 


SQL> ALTER TABLE LIBRARY
  2  ADD STUDENT_ID VARCHAR(30);

Table altered.

SQL> ALTER TABLE LIBRARY
  2  ADD CONSTRAINT FK1 FOREIGN KEY(STUDENT_ID)
  3  REFERENCES STUDENT(STUDENT_ID);

Table altered.

SQL> SELECT *FROM LIBRARY;

   BOOK_NO BOOK_NAME                                          AUTHOR                                             PUBLISHED STUDENT_ID                                                                                                                                                                                                                                                                                                                                                                                                                                                                                                                                                                                                                                                                                                                                                                                                                                                                                                   
---------- -------------------------------------------------- -------------------------------------------------- --------- ------------------------------                                                                                                                                                                                                                                                                                                                                                                                                                                                                                                                                                                                                                                                                                                                                                                                                                                                                               
       111 Harry Potter and Philosopher Stone                 J.K.Rowling                                        26-JUN-97                                                                                                                                                                                                                                                                                                                                                                                                                                                                                                                                                                                                                                                                                                                                                                                                                                                                                                              
       112 YAYATI                                             VISHNU SAKHARAM KHANDEKAR                          15-JAN-59                                                                                                                                                                                                                                                                                                                                                                                                                                                                                                                                                                                                                                                                                                                                                                                                                                                                                                              
       113 WINGS TO FIRE                                      A.P.J.ABDUL KALAM                                  02-AUG-99                                                                                                                                                                                                                                                                                                                                                                                                                                                                                                                                                                                                                                                                                                                                                                                                                                                                                                              
       114 A BETTER INDIA:A BETTER WORLD                      N.R.NARAYANA MURTHY                                21-APR-09                                                                                                                                                                                                                                                                                                                                                                                                                                                                                                                                                                                                                                                                                                                                                                                                                                                                                                              
       115 AKBAR-BIRBAL STORY                                 TANVIR KHAN                                        04-APR-20                                                                                                                                                                                                                                                                                                                                                                                                                                                                                                                                                                                                                                                                                                                                                                                                                                                                                                              

SQL> INSERT INTO STUDENT(STUDENT_ID,STUDENT_NAME,BRANCH,PERCENTAGE,NO_OF_BACKLOGS) VALUES (&STUDENT_ID,&STUDENT_NAME,&BRANCH,&PERCENTAGE,&NO_OF_BACKLOGS);
Enter value for student_id: 101
Enter value for student_name: NITIN
Enter value for branch: PUNE
Enter value for percentage: 81
Enter value for no_of_backlogs: 0
old   1: INSERT INTO STUDENT(STUDENT_ID,STUDENT_NAME,BRANCH,PERCENTAGE,NO_OF_BACKLOGS) VALUES (&STUDENT_ID,&STUDENT_NAME,&BRANCH,&PERCENTAGE,&NO_OF_BACKLOGS)
new   1: INSERT INTO STUDENT(STUDENT_ID,STUDENT_NAME,BRANCH,PERCENTAGE,NO_OF_BACKLOGS) VALUES (101,NITIN,PUNE,81,0)
INSERT INTO STUDENT(STUDENT_ID,STUDENT_NAME,BRANCH,PERCENTAGE,NO_OF_BACKLOGS) VALUES (101,NITIN,PUNE,81,0)
                                                                                                *
ERROR at line 1:
ORA-00984: column not allowed here 


SQL> ED
Wrote file afiedt.buf

  1* INSERT INTO STUDENT(STUDENT_ID,STUDENT_NAME,BRANCH,PERCENTAGE,NO_OF_BACKLOGS) VALUES (&STUDENT_ID,&STUDENT_NAME,&BRANCH,&PERCENTAGE,&NO_OF_BACKLOGS)
SQL> /
Enter value for student_id: S101
Enter value for student_name: 'NITIN''
Enter value for branch: /
Enter value for percentage: /
Enter value for no_of_backlogs: /
old   1: INSERT INTO STUDENT(STUDENT_ID,STUDENT_NAME,BRANCH,PERCENTAGE,NO_OF_BACKLOGS) VALUES (&STUDENT_ID,&STUDENT_NAME,&BRANCH,&PERCENTAGE,&NO_OF_BACKLOGS)
new   1: INSERT INTO STUDENT(STUDENT_ID,STUDENT_NAME,BRANCH,PERCENTAGE,NO_OF_BACKLOGS) VALUES (S101,'NITIN'',/,/,/)
ERROR:
ORA-01756: quoted string not properly terminated 


SQL> ED
Wrote file afiedt.buf

  1* INSERT INTO STUDENT(STUDENT_ID,STUDENT_NAME,BRANCH,PERCENTAGE,NO_OF_BACKLOGS) VALUES (&STUDENT_ID,&STUDENT_NAME,&BRANCH,&PERCENTAGE,&NO_OF_BACKLOGS)
SQL> /
Enter value for student_id: 'S101'
Enter value for student_name: 'NITIN'
Enter value for branch: 'PUNE'
Enter value for percentage: 78
Enter value for no_of_backlogs: 0
old   1: INSERT INTO STUDENT(STUDENT_ID,STUDENT_NAME,BRANCH,PERCENTAGE,NO_OF_BACKLOGS) VALUES (&STUDENT_ID,&STUDENT_NAME,&BRANCH,&PERCENTAGE,&NO_OF_BACKLOGS)
new   1: INSERT INTO STUDENT(STUDENT_ID,STUDENT_NAME,BRANCH,PERCENTAGE,NO_OF_BACKLOGS) VALUES ('S101','NITIN','PUNE',78,0)

1 row created.

SQL> /
Enter value for student_id: 'S102'
Enter value for student_name: 'ANUJA'
Enter value for branch: 'KOLHAPUR'
Enter value for percentage: 83
Enter value for no_of_backlogs: 0
old   1: INSERT INTO STUDENT(STUDENT_ID,STUDENT_NAME,BRANCH,PERCENTAGE,NO_OF_BACKLOGS) VALUES (&STUDENT_ID,&STUDENT_NAME,&BRANCH,&PERCENTAGE,&NO_OF_BACKLOGS)
new   1: INSERT INTO STUDENT(STUDENT_ID,STUDENT_NAME,BRANCH,PERCENTAGE,NO_OF_BACKLOGS) VALUES ('S102','ANUJA','KOLHAPUR',83,0)

1 row created.

SQL> /
Enter value for student_id: 'S103'
Enter value for student_name: 'RAKESH'
Enter value for branch: 'NASHIK'
Enter value for percentage: 65
Enter value for no_of_backlogs: 1
old   1: INSERT INTO STUDENT(STUDENT_ID,STUDENT_NAME,BRANCH,PERCENTAGE,NO_OF_BACKLOGS) VALUES (&STUDENT_ID,&STUDENT_NAME,&BRANCH,&PERCENTAGE,&NO_OF_BACKLOGS)
new   1: INSERT INTO STUDENT(STUDENT_ID,STUDENT_NAME,BRANCH,PERCENTAGE,NO_OF_BACKLOGS) VALUES ('S103','RAKESH','NASHIK',65,1)

1 row created.

SQL> /
Enter value for student_id: 'S104'
Enter value for student_name: 'ARUN'
Enter value for branch: 'MUMBAI'
Enter value for percentage: 59
Enter value for no_of_backlogs: 2
old   1: INSERT INTO STUDENT(STUDENT_ID,STUDENT_NAME,BRANCH,PERCENTAGE,NO_OF_BACKLOGS) VALUES (&STUDENT_ID,&STUDENT_NAME,&BRANCH,&PERCENTAGE,&NO_OF_BACKLOGS)
new   1: INSERT INTO STUDENT(STUDENT_ID,STUDENT_NAME,BRANCH,PERCENTAGE,NO_OF_BACKLOGS) VALUES ('S104','ARUN','MUMBAI',59,2)

1 row created.

SQL> UPDATE EMPLOYEE
  2  SET COMM=300
  3  WHERE COMM IS NULL;

10 rows updated.

SQL> SELECT * FROM EMPLOYEE;

     EMPNO ENAME      JOB              MGR HIREDATE         SAL       COMM     DEPTNO                                                                                                                                                                                                                                                                                                                                                                                                                                                                                                                                                                                                                                                                                                                                                                                                                                                                                                                                                   
---------- ---------- --------- ---------- --------- ---------- ---------- ----------                                                                                                                                                                                                                                                                                                                                                                                                                                                                                                                                                                                                                                                                                                                                                                                                                                                                                                                                                   
      7369 SMITH      CLERK           7902 17-DEC-80       2000        300         20                                                                                                                                                                                                                                                                                                                                                                                                                                                                                                                                                                                                                                                                                                                                                                                                                                                                                                                                                   
      7499 ALLEN      SALESMAN        7698 20-FEB-81       1600        300         30                                                                                                                                                                                                                                                                                                                                                                                                                                                                                                                                                                                                                                                                                                                                                                                                                                                                                                                                                   
      7521 WARD       SALESMAN        7698 22-FEB-81       1250        500         30                                                                                                                                                                                                                                                                                                                                                                                                                                                                                                                                                                                                                                                                                                                                                                                                                                                                                                                                                   
      7566 JONES      MANAGER         7839 02-APR-81       2975        300         20                                                                                                                                                                                                                                                                                                                                                                                                                                                                                                                                                                                                                                                                                                                                                                                                                                                                                                                                                   
      7654 MARTIN     SALESMAN        7698 28-SEP-81       1250       1400         30                                                                                                                                                                                                                                                                                                                                                                                                                                                                                                                                                                                                                                                                                                                                                                                                                                                                                                                                                   
      7698 BLAKE      MANAGER         7839 01-MAY-81       2850        300         30                                                                                                                                                                                                                                                                                                                                                                                                                                                                                                                                                                                                                                                                                                                                                                                                                                                                                                                                                   
      7782 CLARK      MANAGER         7839 09-JUN-81       3550        300         10                                                                                                                                                                                                                                                                                                                                                                                                                                                                                                                                                                                                                                                                                                                                                                                                                                                                                                                                                   
      7788 SCOTT      ANALYST         7566 19-APR-87       3000        300         20                                                                                                                                                                                                                                                                                                                                                                                                                                                                                                                                                                                                                                                                                                                                                                                                                                                                                                                                                   
      7839 KING       PRESIDENT            17-NOV-81       3550        300         10                                                                                                                                                                                                                                                                                                                                                                                                                                                                                                                                                                                                                                                                                                                                                                                                                                                                                                                                                   
      7876 ADAMS      CLERK           7788 23-MAY-87       1100        300         20                                                                                                                                                                                                                                                                                                                                                                                                                                                                                                                                                                                                                                                                                                                                                                                                                                                                                                                                                   
      7900 JAMES      CLERK           7698 03-DEC-81        950        300         30                                                                                                                                                                                                                                                                                                                                                                                                                                                                                                                                                                                                                                                                                                                                                                                                                                                                                                                                                   
      7902 FORD       ANALYST         7566 03-DEC-81       3000        300         20                                                                                                                                                                                                                                                                                                                                                                                                                                                                                                                                                                                                                                                                                                                                                                                                                                                                                                                                                   
      7934 MILLER     CLERK           7782 23-JAN-82       3550        300         10                                                                                                                                                                                                                                                                                                                                                                                                                                                                                                                                                                                                                                                                                                                                                                                                                                                                                                                                                   

13 rows selected.

SQL> UPDATE EMPLOYEE
  2  SET SAL=SAL+SAL*0.2
  3  WHERE DEPTNO IN(SELECT DEPTNO
  4                  FROM DEPT
  5                  WHERE LOC IN 'CHICAGO');

5 rows updated.

SQL> SELECT * FROM EMPLOYEE;

     EMPNO ENAME      JOB              MGR HIREDATE         SAL       COMM     DEPTNO                                                                                                                                                                                                                                                                                                                                                                                                                                                                                                                                                                                                                                                                                                                                                                                                                                                                                                                                                   
---------- ---------- --------- ---------- --------- ---------- ---------- ----------                                                                                                                                                                                                                                                                                                                                                                                                                                                                                                                                                                                                                                                                                                                                                                                                                                                                                                                                                   
      7369 SMITH      CLERK           7902 17-DEC-80       2000        300         20                                                                                                                                                                                                                                                                                                                                                                                                                                                                                                                                                                                                                                                                                                                                                                                                                                                                                                                                                   
      7499 ALLEN      SALESMAN        7698 20-FEB-81       1920        300         30                                                                                                                                                                                                                                                                                                                                                                                                                                                                                                                                                                                                                                                                                                                                                                                                                                                                                                                                                   
      7521 WARD       SALESMAN        7698 22-FEB-81       1500        500         30                                                                                                                                                                                                                                                                                                                                                                                                                                                                                                                                                                                                                                                                                                                                                                                                                                                                                                                                                   
      7566 JONES      MANAGER         7839 02-APR-81       2975        300         20                                                                                                                                                                                                                                                                                                                                                                                                                                                                                                                                                                                                                                                                                                                                                                                                                                                                                                                                                   
      7654 MARTIN     SALESMAN        7698 28-SEP-81       1500       1400         30                                                                                                                                                                                                                                                                                                                                                                                                                                                                                                                                                                                                                                                                                                                                                                                                                                                                                                                                                   
      7698 BLAKE      MANAGER         7839 01-MAY-81       3420        300         30                                                                                                                                                                                                                                                                                                                                                                                                                                                                                                                                                                                                                                                                                                                                                                                                                                                                                                                                                   
      7782 CLARK      MANAGER         7839 09-JUN-81       3550        300         10                                                                                                                                                                                                                                                                                                                                                                                                                                                                                                                                                                                                                                                                                                                                                                                                                                                                                                                                                   
      7788 SCOTT      ANALYST         7566 19-APR-87       3000        300         20                                                                                                                                                                                                                                                                                                                                                                                                                                                                                                                                                                                                                                                                                                                                                                                                                                                                                                                                                   
      7839 KING       PRESIDENT            17-NOV-81       3550        300         10                                                                                                                                                                                                                                                                                                                                                                                                                                                                                                                                                                                                                                                                                                                                                                                                                                                                                                                                                   
      7876 ADAMS      CLERK           7788 23-MAY-87       1100        300         20                                                                                                                                                                                                                                                                                                                                                                                                                                                                                                                                                                                                                                                                                                                                                                                                                                                                                                                                                   
      7900 JAMES      CLERK           7698 03-DEC-81       1140        300         30                                                                                                                                                                                                                                                                                                                                                                                                                                                                                                                                                                                                                                                                                                                                                                                                                                                                                                                                                   
      7902 FORD       ANALYST         7566 03-DEC-81       3000        300         20                                                                                                                                                                                                                                                                                                                                                                                                                                                                                                                                                                                                                                                                                                                                                                                                                                                                                                                                                   
      7934 MILLER     CLERK           7782 23-JAN-82       3550        300         10                                                                                                                                                                                                                                                                                                                                                                                                                                                                                                                                                                                                                                                                                                                                                                                                                                                                                                                                                   

13 rows selected.

SQL> DELETE FROM EMPLOYEE
  2  WHERE HIREDATE<'01-JAN-81';

1 row deleted.

SQL> INSERT INTO EMPLOYEE VALUES(7744,'RAM','TRAINEE',7361,3640,250,40);
INSERT INTO EMPLOYEE VALUES(7744,'RAM','TRAINEE',7361,3640,250,40)
            *
ERROR at line 1:
ORA-00947: not enough values 


SQL> ED
Wrote file afiedt.buf

  1* INSERT INTO EMPLOYEE VALUES(7744,'RAM','TRAINEE',7361,'01-JAN-86',3640,250,40)
SQL> /

1 row created.

SQL> ED
Wrote file afiedt.buf

  1* INSERT INTO EMPLOYEE VALUES(7755,'VAISHALI','TRAINEE',7361,'15-AUG-88',4000,300,40)
SQL> /

1 row created.

SQL> UPDATE EMPLOYEE
  2  SET SAL=SAL+1000
  3  WHERE DEPTNO=40;

2 rows updated.

SQL> ED
Wrote file afiedt.buf

  1  UPDATE EMPLOYEE
  2  SET SAL=SAL+1000
  3* WHERE DEPTNO IN 40
SQL> /

2 rows updated.

SQL> SPOOL OFF
